{
  "diamond.js": 1775813086.4223673,
  "main.py": 1775320581.8492842,
  "pcm_web_v30.0.js": 1775814128.4623148,
  "piccoma_wasm_bridge.js": 1775842940.6700704,
  "worker_main.py": 1775320581.8528576,
  "app\\__init__.py": 1775320581.7814364,
  "app\\bot\\helper_bot.py": 1775320581.8118064,
  "app\\bot\\main.py": 1775622815.0452764,
  "app\\bot\\__init__.py": 1775320581.795803,
  "app\\bot\\cogs\\acqq.py": 1775320581.7994747,
  "app\\bot\\cogs\\admin.py": 1775622641.7196958,
  "app\\bot\\cogs\\dashboard.py": 1775622796.203494,
  "app\\bot\\cogs\\discovery.py": 1775320581.8016737,
  "app\\bot\\cogs\\discovery_commands.py": 1775480948.6324573,
  "app\\bot\\cogs\\helper_cogs.py": 1775622717.8968606,
  "app\\bot\\cogs\\jumptoon.py": 1775320581.8016737,
  "app\\bot\\cogs\\kakaopage.py": 1775320581.8016737,
  "app\\bot\\cogs\\kuaikan.py": 1775320581.8016737,
  "app\\bot\\cogs\\mecha.py": 1775320581.8016737,
  "app\\bot\\cogs\\monitor_cog.py": 1775320581.8016737,
  "app\\bot\\cogs\\piccoma.py": 1775480948.637815,
  "app\\bot\\cogs\\status.py": 1775320581.8016737,
  "app\\bot\\cogs\\subscriptions.py": 1775622866.759282,
  "app\\bot\\cogs\\__init__.py": 1775320581.7971942,
  "app\\bot\\common\\notification_builder.py": 1775320581.8016737,
  "app\\bot\\common\\view.py": 1775754747.4011228,
  "app\\bot\\common\\__init__.py": 1775320581.8016737,
  "app\\core\\events.py": 1775320581.813354,
  "app\\core\\exceptions.py": 1775320581.813354,
  "app\\core\\logger.py": 1775561055.350543,
  "app\\core\\lua_scripts.py": 1775320581.813354,
  "app\\core\\progress.py": 1775561044.9945724,
  "app\\core\\registry.py": 1775320581.813354,
  "app\\core\\utils.py": 1775320581.81625,
  "app\\core\\__init__.py": 1775320581.813354,
  "app\\lib\\pycasso\\cipher.py": 1775969232.952439,
  "app\\lib\\pycasso\\constants.py": 1775320581.8179896,
  "app\\lib\\pycasso\\prng.py": 1775320581.8190703,
  "app\\lib\\pycasso\\shuffleseed.py": 1775320581.8190703,
  "app\\lib\\pycasso\\unscramble.py": 1775969221.787919,
  "app\\lib\\pycasso\\__init__.py": 1775320581.8168962,
  "app\\lib\\pycasso\\__main__.py": 1775320581.8179896,
  "app\\models\\chapter.py": 1775797208.3425088,
  "app\\models\\series.py": 1775320581.8190703,
  "app\\models\\__init__.py": 1775320581.8190703,
  "app\\providers\\base.py": 1775320581.8190703,
  "app\\providers\\curl_compat.py": 1775671803.3047805,
  "app\\providers\\manager.py": 1775551708.6119668,
  "app\\providers\\platforms\\acqq.py": 1775561129.2834074,
  "app\\providers\\platforms\\jumptoon.py": 1775622320.4405737,
  "app\\providers\\platforms\\kakao.py": 1775671836.311289,
  "app\\providers\\platforms\\kuaikan.py": 1775561115.1387234,
  "app\\providers\\platforms\\mecha.py": 1775671837.3540828,
  "app\\providers\\platforms\\piccoma\\discovery.py": 1775551634.386726,
  "app\\providers\\platforms\\piccoma\\drm.py": 1775841315.8150046,
  "app\\providers\\platforms\\piccoma\\helpers.py": 1775806562.6902962,
  "app\\providers\\platforms\\piccoma\\provider.py": 1775810125.9954972,
  "app\\providers\\platforms\\piccoma\\purchase.py": 1775807635.0926306,
  "app\\providers\\platforms\\piccoma\\session.py": 1775807669.0771885,
  "app\\providers\\platforms\\piccoma\\__init__.py": 1775551672.387812,
  "app\\services\\batch_controller.py": 1775797230.1849346,
  "app\\services\\group_manager.py": 1775320581.8326578,
  "app\\services\\health_monitor.py": 1775320581.8326578,
  "app\\services\\login_service.py": 1775561012.1402972,
  "app\\services\\redis_manager.py": 1775551980.2604706,
  "app\\services\\session_healer.py": 1775807708.4540238,
  "app\\services\\session_service.py": 1775320581.8391912,
  "app\\services\\task_listener.py": 1775320581.8391912,
  "app\\services\\ui_manager.py": 1775756596.7768362,
  "app\\services\\__init__.py": 1775320581.8273623,
  "app\\services\\browser\\unlocker.py": 1775569392.0641546,
  "app\\services\\browser\\__init__.py": 1775320581.8289483,
  "app\\services\\gdrive\\client.py": 1775320581.8321502,
  "app\\services\\gdrive\\sync_service.py": 1775320581.8326578,
  "app\\services\\gdrive\\uploader.py": 1775320581.8326578,
  "app\\services\\gdrive\\__init__.py": 1775320581.831471,
  "app\\services\\image\\optimizer.py": 1775320581.8326578,
  "app\\services\\image\\smart_detector.py": 1775320581.8326578,
  "app\\services\\image\\stitcher.py": 1775561086.6304922,
  "app\\services\\image\\__init__.py": 1775320581.8326578,
  "app\\services\\login\\mecha_login.py": 1775552049.1671305,
  "app\\services\\login\\piccoma_login.py": 1775807696.4759176,
  "app\\services\\login\\service.py": 1775552062.1997006,
  "app\\services\\login\\__init__.py": 1775560991.5496583,
  "app\\services\\redis\\connection.py": 1775551892.730965,
  "app\\services\\redis\\pubsub.py": 1775551942.0002153,
  "app\\services\\redis\\queue.py": 1775551903.250631,
  "app\\services\\redis\\sessions.py": 1775551913.64423,
  "app\\services\\redis\\subscriptions.py": 1775551933.1161249,
  "app\\services\\redis\\telemetry.py": 1775551952.5420022,
  "app\\services\\redis\\__init__.py": 1775551961.2002451,
  "app\\services\\unlocker\\base.py": 1775569320.147961,
  "app\\services\\unlocker\\factory.py": 1775569356.7777157,
  "app\\services\\unlocker\\jumptoon.py": 1775569347.9400651,
  "app\\services\\unlocker\\mecha.py": 1775613915.12476,
  "app\\services\\unlocker\\piccoma.py": 1775799267.5555828,
  "app\\services\\unlocker\\__init__.py": 1775612679.2364657,
  "app\\tasks\\discovery_poller.py": 1775561169.3970017,
  "app\\tasks\\manager.py": 1775320581.8391912,
  "app\\tasks\\notifier.py": 1775561155.0330515,
  "app\\tasks\\poller.py": 1775561191.9210744,
  "app\\tasks\\worker.py": 1775561073.5717852,
  "app\\tasks\\__init__.py": 1775320581.8391912,
  "config\\settings.py": 1775320581.8455212,
  "config\\__init__.py": 1775320581.8450072,
  "scratch\\extract_wasm_strings.py": 1775842309.2192802,
  "scratch\\scan_wasm.py": 1775841043.1389225,
  "scripts\\diag_dump.py": 1775387471.8646717,
  "tmp\\parse_har.py": 1775802016.1927574,
  "tmp\\prepare_test.py": 1775385376.020955,
  "tmp\\test_audit_bot.py": 1775385448.6041172,
  "tools\\decode_piccoma.py": 1775320581.850826,
  "tools\\find_wasm.py": 1775320581.8522384,
  "tools\\find_wasm_url.py": 1775320581.8528576,
  "tools\\scan_wasm_logic.py": 1775320581.8528576,
  "tools\\search_js.py": 1775320581.8528576,
  "tools\\test_piccoma_seed.py": 1775320581.8528576,
  "tools\\test_provider_safety.py": 1775320581.8528576,
  "tools\\test_pywasm.py": 1775320581.8528576,
  "tools\\test_v3_integration.py": 1775320581.8528576,
  "architecture.md": 1775561574.5606818,
  "bot code 2.0.txt": 1775384854.802858,
  "drm.txt": 1775841315.8150046,
  "message.txt": 1775386863.969648,
  "piccoma_wasm_bridge.txt": 1775841508.3243139,
  "README_VPS.md": 1775320581.7814364,
  "requirements.txt": 1775320581.8492842,
  "unscramble.txt": 1775840892.0215473,
  "docs\\piccoma_automated_login.md": 1775330031.436763,
  "docs\\piccoma_cookie_management.md": 1775330194.221121,
  "docs\\piccoma_wait_free_unlock.md": 1775330183.0810251,
  "tmp\\test_image.jpg": 1775833102.4838967,
  "tmp\\unscramble_test\\i00001.jpg": 1775836210.3282127,
  "tmp\\unscramble_test\\out_CORRECT.png": 1775837436.5938678,
  "tmp\\unscramble_test\\out_ddleft_rot.png": 1775836362.6063702,
  "tmp\\unscramble_test\\out_ddraw.png": 1775836362.508404,
  "tmp\\unscramble_test\\out_ddright_rot.png": 1775836362.7018833,
  "tmp\\unscramble_test\\out_dd_left_rot.png": 1775836402.883874,
  "tmp\\unscramble_test\\out_dd_raw.png": 1775836402.7858543,
  "tmp\\unscramble_test\\out_dd_right_rot.png": 1775836402.9634092,
  "tmp\\unscramble_test\\out_left_rot.png": 1775836402.8333101,
  "tmp\\unscramble_test\\out_raw.png": 1775836402.7368946,
  "tmp\\unscramble_test\\out_right_rot.png": 1775836402.928909
}